Judul_Film,Tahun,Genre
Suamiku Lukaku,2026,Drama
Children of Heaven,2026,Anak-anak
Gudang Merica,2026,Horor
Keluarga Suami Adalah Hama,2026,Drama
Kamu Harus Mati,2026,Misteri
Silent Dance: Tarian Jiwa-jiwa yang Merdeka,2026,Drama
Semua Akan Baik-baik Saja,2026,Drama
Yang Lain Boleh Hilang Asal Kau Jangan,2026,Drama
Tumbal Proyek,2026,Horor
Crocodile Tears,2026,Drama
The Bell: Panggilan untuk Mati,2026,Horor
'Ain,2026,Horor
Shaka Oh Shaka,2026,Drama
Ikatan Darah,2026,Mendebarkan atau Menegangkan
Kupeluk Kamu Selamanya,2026,Drama
Dilan ITB 1997,2026,Drama
Songko,2026,Horor
Para Perasuk,2026,Drama
Kupilih Jalur Langit,2026,Drama
Tiba-tiba Setan,2026,Horor
Dalam Sujudku,2026,Drama
Ghost in the Cell,2026,Horor
Warung Pocong,2026,Horor
"Ayah, Ini Arahnya ke Mana, Ya?",2026,Keluarga
Yohanna,2026,Drama
The Hostage’s Hero,2026,Drama
Aku Harus Mati,2026,Horor
Senin Harga Naik,2026,Drama
Suzzanna: Santet Dosa di Atas Dosa,2026,Horor
Danur: the Last Chapter,2026,Horor
Na Willa,2026,Anak-anak
Pelangi di Mars,2026,Anak-anak
Tunggu Aku Sukses Nanti,2026,Keluarga
Setannya Cuan,2026,Horor
Setan Alas!,2026,Horor
Rajah,2026,Mendebarkan atau Menegangkan
Titip Bunda di Surga-Mu,2026,Drama
Lift,2026,Misteri
Asrama Putri,2026,Horor
"Antara Mama, Cinta, dan Surga: Bahasa Cinta Nommensen",2026,Drama
Taneuh Kalaknat,2026,Horor
Pocong Merah,2026,Horor
Waru,2026,Horor
Rumah Tanpa Cahaya,2026,Drama
Jangan Seperti Bapak,2026,Drama
AIU-EO Macam Betool Aja,2026,Drama
Andaikan Kau Datang Kembali,2026,Misteri
Sadali,2026,Drama
Balas Budi,2026,Drama
Check Out Sekarang Pay Later (Caper),2026,Drama
Teman Tegar Maira: Whisper from Papua,2026,Keluarga
Ahlan Singapore,2026,Drama
Mattaro Janci,2026,Drama
"Tuhan, Benarkah Kau Mendengarkan Aku?",2026,Drama
Kuyank: Saranjana the prequel,2026,Horor
Kafir: Gerbang Sukma,2026,Horor
Tolong Saya! (Dowajuseyo),2026,Horor
Surat Untuk Masa Mudaku,2026,Drama
Esok Tanpa Ibu,2026,Drama
Sebelum Dijemput Nenek,2026,Horor
Sengkolo: Petaka Satu Suro,2026,Horor
Mencadin 2: Tamu Mayit,2026,Horor
Penerbangan Terakhir,2026,Drama
Bidadari Surga,2026,Drama
Penunggu Rumah: Buto Ijo,2026,Horor
Alas Roban,2026,Horor
Lavender Marriage,2026,Drama
The Period of Her,2026,Drama
Uang Passolo,2026,Drama
Malam 3 Yasinan,2026,Horor
Suka Duka Tawa,2026,Drama
Musuh dalam Selimut,2026,Drama
Modual Nekad,2025,Drama
Dusun Mayit,2025,Horor
Janur Ireng: Sewu Dino the Prequel,2025,Horor
Comic 8 Revolution: Santet K4bin3t,2025,Horor
Patah Hati yang Kupilih,2025,Drama
Timur,2025,Drama
Mertua Ngeri Kali,2025,Drama
Mengejar Restu,2025,Religi
Qorin 2,2025,Horor
Mimpi Keluarga Sempurna,2025,Drama
Gelap Mata,2025,Mendebarkan atau Menegangkan
Lupa Daratan,2025,Drama
Nia,2025,Drama
Wasiat Warisan,2025,Drama
Ozora: Penganiayaan Brutal Penguasa Jaksel,2025,Mendebarkan atau Menegangkan
Riba,2025,Horor
Legenda Kelam Malin Kundang,2025,Mendebarkan atau Menegangkan
Air Mata Mualaf,2025,Religi
Agak Laen: Menyala Pantiku!,2025,Drama
Summa: Dendam Perempuan Sinting,2025,Horor
Keadilan,2025,Kejahatan
Leak 2: Jimat Dadong,2025,Horor
Danyang Wingit Jumat Kliwon,2025,Horor
…belum ada judul,2025,Drama
Tak Kenal Maka Taaruf,2025,Religi
Sampai Titik Terakhirmu,2025,Drama
Dopamin,2025,Drama
Pesugihan Sate Gagak,2025,Horor
Gara-gara Cicilan,2025,Drama
What's Up with Secretary Kim?,2025,Drama
Solata,2025,Drama
Kuncen,2025,Horor
Sosok Ketiga: Lintrik,2025,Horor
Pangku,2025,Drama
Pengin Hijrah,2025,Religi
Shutter,2025,Horor
Badik,2025,Drama
Si Paling Aktor,2025,Drama
Abadi Nan Jaya,2025,Horor
Tumbal Darah,2025,Horor
Maju Serem Mundur Horror,2025,Horor
Air Mata Di Ujung Sajadah 2,2025,Drama
Getih Ireng,2025,Horor
Menuju Pelaminan,2025,Drama
Jangan Panggil Mama Kafir,2025,Drama
Cristine: Tidak Seperti yang Kamu Lihat,2025,Horor
Jembatan Shiratal Mustaqim,2025,Horor
Yakin Nikah,2025,Drama
Di Balik Pintu Kematian,2025,Horor
Rangga & Cinta,2025,Percintaan
Tukar Takdir,2025,Drama
Rest Area,2025,Horor
Kang Solah: from Kang Mak x Nenek Gayung,2025,Horor
"Dilanjutkan Salah, Disudahi Perih",2025,Drama
Dia Bukan Ibu,2025,Horor
Janji Senja: Sagu Salempeng Bagi Dua,2025,Drama
Maryam: Janji dan Jiwa yang Terikat,2025,Horor
Jadi Tuh Barang,2025,Drama
Perempuan Pembawa Sial,2025,Horor
Lintrik: Ilmu Pemikat,2025,Horor
Mama: Pesan dari Neraka,2025,Horor
Cahaya untuk Ibu,2025,Drama
Gereja Setan,2025,Horor
Sukma,2025,Horor
Andai Ibu Tidak Menikah dengan Ayah,2025,Drama
Menjelang Magrib 2: Wanita yang Dirantai,2025,Horor
Agape: the Unconditional Love,2025,Drama
Siapa Dia,2025,Musikal atau Tari
Pencarian Terakhir,2025,Misteri
Panji Tengkorak,2025,Drama
Lebih dari Selamanya,2025,Percintaan
Cinta Pertamaku,2025,Drama
Labinak: Mereka Ada di Sini,2025,Horor
Hanya Namamu dalam Doaku,2025,Drama
The Sun Gazer: Cinta dari Langit,2025,Religi
Darah Nyai,2025,Horor
Panggilan dari Kubur,2025,Horor
Tinggal Meninggal,2025,Drama
"La Tahzan: Cinta, Dosa, Luka…",2025,Percintaan
Merah Putih: One For All,2025,Anak-anak
Sebelum Senja Berakhir,2025,Drama
Pamali: Tumbal,2025,Horor
Lyora: Penantian Buah Hati,2025,Dokudrama
Panggil Aku Ayah,2025,Keluarga
Jam Pasir Ajaib,2025,Fantasi
Ketika Hantu Yatim Piatu,2025,Horor
Sihir Pelakor,2025,Horor
Bertaut Rindu: Semua Impian Berhak Dirayakan,2025,Remaja
Rego Nyowo,2025,Horor
Kampung Jabang Mayit,2025,Horor
Doti: Tumbal Ilmu Hitam,2025,Horor
"Believe: Takdir, Mimpi, Keberanian",2025,Perang
Gak Nyangka..!!,2025,Komedi
A Normal Woman,2025,Misteri
Assalamu’alaikum Baitullah,2025,Religi
Arti Cinta,2025,Musikal atau Tari
Gerbang Setan,2025,Horor
Cyberbullying,2025,Remaja
Kitab Sijjin & Illiyyin,2025,Horor
Gamophobia,2025,Drama
Yang Tersisa Hanya Cinta,2025,Drama
Orang Ikan,2025,Monster
Selepas Tahlil,2025,Horor
Sore: Istri dari Masa Depan,2025,Drama
Hotel Sakura,2025,Horor
Selasih Ireng,2025,Horor
Karunrung 1995,2025,Horor
Agen +62: Semua Bisa Jadi Agen,2025,Komedi
Narik Sukmo,2025,Horor
Seribu Bayang Purnama,2025,Drama
Arwah,2025,Horor
Lorong Kost,2025,Horor
Rabi Jiwo,2025,Horor
Warkop DKI Kartun,2025,Drama
Jodoh 3 Bujang,2025,Drama
Malam Jahanam,2025,Horor
Angel Pol,2025,Drama
Assalamualaikum Beijing 2: Lost in Ningxia,2025,Drama
Syirik: Danyang Laut Selatan,2025,Horor
Jalan Pulang,2025,Misteri
Hayya 3: Gaza,2025,Drama
Keluarga Super Irit,2025,Komedi
GJLS: Ibuku Ibu-Ibu,2025,Komedi
Senyum Manies Love Story,2025,Drama
The Dark House,2025,Mendebarkan atau Menegangkan
Sarung untuk Bapak,2025,Drama
Ruang Rahasia Ibu,2025,Drama
Gowok: Kamasutra Jawa Uncut,2025,Drama
"Sampai Jumpa, Selamat Tinggal",2025,Drama
Tenung by Saraswati & Dimasta,2025,Horor
Tak Ingin Usai di Sini,2025,Drama
Basement: Jangan Turun ke Bawah,2025,Horor
Gowok: Kamasutra Jawa,2025,Drama
Love Therapy,2025,Drama
Waktu Maghrib 2,2025,Horor
Dendam Malam Kelam,2025,Mendebarkan atau Menegangkan
Insya Allah Berkah,2025,Drama
Gundik,2025,Horor
Angkara Murka,2025,Misteri
Dasim,2025,Religi
Godaan Setan yang Terkutuk,2025,Horor
Cocote Tonggo,2025,Drama
Mungkin Kita Perlu Waktu,2025,Drama
Rannu: Cinta Bugis-Makassar,2025,Drama
Tabayyun,2025,Drama
Sayap-sayap Patah 2: Olivia,2025,Drama
Parah Bener,2025,Komedi
Pembantaian Dukun Santet,2025,Horor
Perang Kota,2025,Drama
Mendadak Dangdut,2025,Drama
Penjagal Iblis: Dosa Turunan,2025,Horor
Mangku Pocong,2025,Horor
Sah! Katanya...,2025,Drama
Anak Medan: Cocok Ko Rasa???,2025,Drama
Pengepungan di Bukit Duri,2025,Drama
Rumah untuk Alie,2025,Drama
Korban Jatuh Tempo: Pinjol,2025,Drama
Muslihat,2025,Horor
Pinjam 100 the Movie,2025,Drama
Dendam dalam Dosa,2025,Horor
Setetes Embun Cinta Niyala,2025,Drama
Norma: Antara Mertua dan Menantu,2025,Drama
Qodrat 2,2025,Horor
Komang,2025,Drama
Pabrik Gula,2025,Horor
Jumbo,2025,Fantasi
Pabrik Gula (Uncut),2025,Horor
Misteri Bilik Korek Api,2025,Horor
Surga di Telapak Kaki Bapak,2025,Drama
Doa-doa di Atas Kepala,2025,Drama
Keluarga Besar,2025,Drama
Bunga Semerah Darah,2025,Drama
Mimpi Matahari,2025,Drama
Bukan Jodoh Biasa Nih,2025,Komedi
Uwentira: Kota Jin,2025,Horor
Samar,2025,Horor
Singsot: Siulan Kematian,2025,Horor
Arwah Sinden,2025,Horor
Desa Mati the Movie,2025,Horor
Jabang Mayit,2025,Horor
Setan Botak di Jembatan Ancol,2025,Horor
Misteri Rumah Darah,2025,Horor
Jagal Teluh,2025,Horor
Iblis dalam Kandungan 2: Deception,2025,Horor
Samawa,2025,Drama
Pernikahan Arwah,2025,Horor
Made in Bali,2025,Drama
Anak Kunti,2025,Horor
Rahasia Rasa,2025,Drama
Berebut Jenazah,2025,Drama
Telepon yang Tak Pernah Berdering,2025,Drama
The Most Beautiful Girl in the World,2025,Percintaan
Kampung Keramat,2025,Horor
Pintu Pintu Surga,2025,Drama
Cinta Tak Pernah Tepat Waktu,2025,Drama
Rumah Teteh: Story of Helena,2025,Horor
Coto vs Konro,2025,Drama
A Business Proposal,2025,Drama
Pulung Gantung: Pati Ngendat,2025,Horor
Psykopat,2025,Horor
Petaka Gunung Gede,2025,Horor
Misteri Cek Khodam,2025,Horor
Pengantin Iblis,2025,Horor
Perayaan Mati Rasa,2025,Drama
Lagu Cinta untuk Mama,2025,Drama
Tujuh Hari Untuk Keshia,2025,Drama
Semusim Setelah Kemarau,2025,Drama
Keajaiban Air Mata Wanita,2025,Drama
1 Kakak 7 Ponakan,2025,Drama
Sebelum 7 Hari,2025,Horor
Mama: Kasih yang Tak Pernah Mati,2025,Horor
1 Coto 5 Ketupat,2025,Drama
Bayang-Bayang Anak Jahanam,2025,Horor
Eva: Pendakian Terakhir,2025,Horor
1 Imam 2 Makmum,2025,Drama
Pengantin Setan,2025,Horor
Ketindihan,2025,Horor
Elang,2025,Drama
Almarhum,2025,Horor
Ambyar Mak Byar,2025,Musikal atau Tari
Zanna: Whisper of Volcano Isle,2025,Fantasi
Utusan Iblis: Dia yang Berada di Antara Kita,2025,Horor
Ajian Maut,2025,Horor
Panggonan Wingit 2:  Miss K,2024,Horor
2nd Miracle in Cell No 7,2024,Keluarga
Modal Nekad,2024,Drama
Sorop,2024,Horor
Sun Tree,2024,Drama
Senyum Merah Putih,2024,Drama
Hutang Nyawa,2024,Horor
Racun Sangga: Santet Pemisah Rumah Tangga,2024,Horor
Melukis Harapan di Langit India,2024,Drama
Malam Pertobatan,2024,Drama
Sampai Nanti Hanna!,2024,Drama
Terkutuk,2024,Horor
Cinta Tak Seindah Drama Korea,2024,Drama
Konco-Konco Edan,2024,Horor
Guna Guna Istri Muda,2024,Horor
Negeri Para Ketua,2024,Drama
Mariara: Perjamuan Maut,2024,Horor
Cinta dalam Ikhlas,2024,Drama
Pantaskah Aku Berhijab,2024,Drama
Hidup ini Terlalu Banyak Kamu,2024,Drama
Petak Umpet,2024,Horor
Cross Road,2024,Horor
Dewi,2024,Drama
Wanita Ahli Neraka,2024,Religi
Bila Esok Ibu Tiada,2024,Keluarga
Puang Bos,2024,Drama
Danyang: Mahar Tukar Nyawa,2024,Horor
Santet Segoro Pitu,2024,Horor
Anak Kolong,2024,Drama
"Aku Jati, Aku Asperger",2024,Drama
Koma: Berhenti Sebelum Mati,2024,Misteri
Dosa Musyrik,2024,Horor
My Annoying Brother,2024,Drama
Sang Pengadil,2024,Drama
Perewangan,2024,Horor
Winter Elegy,2024,Drama
Tebusan Dosa,2024,Misteri
Bolehkah Sekali Saja Kumenangis,2024,Drama
Putri Bintang Lima,2024,Drama
The Shadow Strays,2024,Kejahatan
Startup Never Give Up,2024,Komedi
Kemah Terlarang: Kesurupan Massal,2024,Horor
Pulau Hantu,2024,Horor
Kuasa Gelap,2024,Horor
Laut Tengah,2024,Drama
Kutukan Calon Arang,2024,Horor
Sumala,2024,Horor
Tulang Belulang Tulang,2024,Perjalanan
Home Sweet Loan,2024,Drama
Kupu-Kupu Kertas,2024,Drama
Lembayung,2024,Mendebarkan atau Menegangkan
The Torture: Beranak dalam Kubur,2024,Horor
Roman Peony,2024,Drama
Dul Muluk Dul Malik,2024,Horor
Laura,2024,Drama
Malam Keramat,2024,Horor
Seni Memahami Kekasih,2024,Drama
Perjanjian Setan,2024,Horor
Cinta Dari Timor,2024,Drama
Marbot,2024,Drama
Kaka Boss,2024,Drama
Thaghut,2024,Mendebarkan atau Menegangkan
Janda,2024,Drama
Azzamine,2024,Drama
Kromoleo,2024,Horor
Dosen Ghaib: Sudah Malam atau Sudah Tahu,2024,Horor
Kang Mak: from Pee Mak,2024,Horor
Lokananta,2024,Drama
Uang Panai 2: Maha(r)l,2024,Komedi
Rumah Dinas Bapak,2024,Horor
Sakaratul Maut,2024,Horor
Kabut Berduri,2024,Misteri
Juara Sejati,2024,Anak-anak
Heartbreak Motel,2024,Drama
All Access To Rossa 25 Shining Years,2024,Biografi
Romeo Ingkar Janji,2024,Drama
Bangsal Isolasi,2024,Horor
Pusaka,2024,Horor
Catatan Harian Menantu Sinting,2024,Drama
Jurnal Risa by Risa Saraswati,2024,Horor
Mungkin Esok Lusa atau Nanti,2024,Drama
Ajian Kemat Jaran Guyang,2024,Horor
Harta Tahta Boru Ni Raja,2024,Drama
Janji Darah,2024,Horor
Sekawan Limo,2024,Horor
Si Juki the Movie: Harta Pulau Monyet,2024,Petualangan
Marni: The Story of Wewe Gombel,2024,Horor
Algrafi,2024,Drama
Lafran,2024,Biografi
Sengkolo: Malam Satu Suro,2024,Horor
Cek Ombak (Lagi),2024,Drama
Cinta Kiblat,2024,Drama
Dilan 1983: Wo Ai Ni,2024,Drama
Ipar Adalah Maut,2024,Drama
Dinda,2024,Drama
Harta Tahta Raisa,2024,Musikal atau Tari
Saat Menghadap Tuhan,2024,Drama
Paku Tanah Jawa,2024,Horor
Mawang: Jangan Sebut Namanya,2024,Horor
Temurun,2024,Horor
Taksu Bali: Leak Ugig,2024,Horor
Ayo Balikan,2024,Drama
Malam Pencabut Nyawa,2024,Horor
Tuhan Izinkan Aku Berdosa,2024,Drama
Do You See What I See,2024,Horor
Monster,2024,Mendebarkan atau Menegangkan
Samsara,2024,Drama
Vina: Sebelum 7 Hari,2024,Horor
Possession: Kerasukan,2024,Horor
Mencadin: Dendam Pocong,2024,Horor
The Architecture of Love,2024,Drama
Menjelang Ajal,2024,Horor
Glenn Fredly the Movie,2024,Biografi
Dua Hati Biru,2024,Drama
Badarawuhi di Desa Penari,2024,Horor
Siksa Kubur,2024,Horor
Mukidi,2024,Komedi
Demi Si Buah Hati,2024,Drama
Sujud Terakhir Bapak,2024,Drama
Ronggeng Kematian,2024,Horor
Keluar Main 1994,2024,Komedi
Para Betina Pengikut Iblis 2,2024,Horor
Jayaprana Layonsari,2024,Drama
Kereta,2024,Drama
Kukejar Mimpi,2024,Remaja
Botting (Pengantin),2024,Misteri
Dua Surga Dalam Cintaku,2024,Drama
Kurban: Budak Iblis,2024,Mendebarkan atau Menegangkan
Hantu Polong,2024,Horor
Bad Boy in Love,2024,Drama
Tanduk Setan,2024,Horor
1 CM: Pasukan Merah Putih,2024,Drama
Kartolo Numpak Terang Bulan,2024,Komedi
24 Jam Bersama Gaspar,2023,Distopia
Titip Surat untuk Tuhan,2024,Drama
Kuyang: Sekutu Iblis yang Selalu Mengintai,2024,Horor
Perjalanan Pembuktian Cinta,2024,Drama
Siri Na Pacce,2024,Drama
Mendung Tanpo Udan,2024,Drama
Pasar Setan,2024,Mendebarkan atau Menegangkan
Bonnie,2024,Laga
Pemandi Jenazah,2024,Horor
Melodate,2024,Percintaan
Dealova,2024,Remaja
Women From Rote Island,2023,Drama
Sinden Gaib,2024,Horor
Asmara di Sekolah,2024,Remaja
Ritual: Tumbal Terakhir,2024,Mendebarkan atau Menegangkan
Ali Topan,2024,Drama
Indonesia dari Timur,2024,Olah raga
Lampir,2024,Horor
La Galigo,2024,Drama
Pasutri Gaje,2024,Drama
Munkar,2024,Horor
Eksil,2024,
Agak Laen,2024,Horor
Kereta Berdarah,2024,Horor
Melukis Luka,2024,Drama
Pemukiman Setan,2024,Horor
#OOTD: Outfit of The Designer,2024,Drama
Setengah Hati,2024,Drama
Bu Tejo Sowan Jakarta,2024,Drama
Petualangan Anak Penangkap Hantu,2024,Horor
Rambut Kafan,2024,Horor
Pulang Tak Harus Rumah,2024,Drama
Sehidup Semati,2024,Mendebarkan atau Menegangkan
Ancika: Dia yang Bersamaku 1995,2024,Drama
Clekontong Mas the Movie : Nyi Rimbit,2024,Horor
Mosonggi,2024,Drama
Trinil: Kembalikan Tubuhku,2024,Horor
Suami yang Lain,2024,Drama
Diwe: Hutan Larangan,2024,Horor
Koridor,2023,Drama
13 Bom di Jakarta,2023,Laga
Hamka & Siti Raham vol 2,2023,Biografi
Layangan Putus the Movie,2023,Drama
Bardion: Director's Cut,2023,Fiksi ilmiah
Siksa Neraka,2023,Fantasi
Kapan Hamil?,2023,Percintaan
Malam Para Jahanam,2023,Horor
Rumah Masa Depan,2023,Drama
Jatuh Cinta Seperti di Film-film,2023,Drama
Panggonan Wingit,2023,Horor
Srimulat: Hidup Memang Komedi,2023,Biografi
Rumah Iblis,2023,Horor
172 Days,2023,Drama
Gampang Cuan,2023,Drama
Perjamuan Iblis,2023,Horor
Sijjin,2023,Horor
Aku Rindu,2023,Drama
Budi Pekerti,2023,Drama
Nona Manis Sayange,2023,Drama
Kultus Iblis,2023,Horor
Wakaf,2023,Horor
Saranjana: Kota Ghaib,2023,Horor
Mohon Doa Restu,2023,Drama
One Big Sumba Family,2023,
Imam Tanpa Makmum,2023,Drama
Indigo,2023,Horor
Janin Iblis Neraka,2023,Horor
Pamali: Dusun Pocong,2023,Horor
Teori Cakrawala,2023,Drama
Bangku Kosong: Ujian Terakhir,2023,Horor
Bangsatnya Cinta Pertama,2023,Drama
Di Ambang Kematian,2023,Horor
Petualangan Sherina 2,2023,Musikal atau Tari
Mayflies,2023,Drama
Kisah Tanah Jawa: Pocong Gundul,2023,Horor
Satu Hari dengan Ibu,2023,Keluarga
Invalidite,2023,Drama
Aku Tahu Kapan Kamu Mati: Desa Bunuh Diri,2023,Horor
Jomblo Fi Sabilillah,2023,Drama
Orpa,2023,Drama
Air Mata di Ujung Sajadah,2023,Drama
Sleep Call,2023,Mendebarkan atau Menegangkan
Susuk: Kutukan Kecantikan,2023,Horor
Puspa Indah Taman Hati,2023,Remaja
Mappacci - Malam Pacar,2023,Drama
Galaksi,2023,Drama
Siska The Movie,2023,Drama
"Yang Patah Tumbuh, Yang Hilang Berganti",2023,Drama
After Life,2023,Drama
Catatan Si Boy,2023,Drama
Lantai 4,2023,Horor
Primbon,2023,Horor
Dear Jo: Almost Is Never Enough,2023,Drama
Suzzanna: Malam Jumat Kliwon,2023,Horor
Dunia Tanpa Suara,2023,Drama
Hari Ini Akan Kita Ceritakan Nanti,2023,Drama
Ketika Berhenti di Sini,2023,Drama
Mantra Surugana,2023,Horor
Kutukan Peti Mati,2023,Horor
Jendela Seribu Sungai,2023,Anak-anak atau keluarga
Kejar Mimpi Gaspol!,2023,Drama
Tari Kematian,2023,Horor
Why Do You Love Me,2023,Drama
Ganjil Genap,2023,Drama
200 Pounds Beauty,2023,Musikal atau Tari
Onde Mande!,2023,Drama
Sosok Ketiga,2023,Horor
Kutukan Sembilan Setan,2023,Horor
Star Syndrome,2023,Drama
Spirit Doll,2023,Horor
Detektif Jaga Jarak,2023,Drama
Mbutik,2023,Drama
Jin Khodam,2023,Horor
Hati Suhita,2023,Drama
Kajiman: Iblis Terkejam Penagih Janji,2023,Horor
Bukannya Aku Tidak Mau Nikah,2023,
Hello Ghost,2023,Drama
Angel: Kami Semua Punya Mimpi,2023,Drama
Dedemit: Diikuti Makhluk Halus,2023,Horor
Hitmen,2023,Drama
Buya Hamka,2023,Drama
Khanzab,2023,Horor
Jin & Jun,2023,Horor
Sewu Dino,2023,Horor
Kutukan Cakar Monyet,2023,Horor
Pelet Tali Pocong,2023,Horor
Kartu Pos Wini,2023,Drama
Surga di Bawah Langit,2023,
Teman Tidur,2023,Horor
Tulah 6/13,2023,Horor
Jin Qorin,2023,Horor
Hantu Baru,2023,Horor
Losmen Melati,2023,Horor
Iblis dalam Darah,2023,Horor
Sukmailang,2023,Horor
"Glo, Kau Cahaya",2023,Drama
Kun Ana Wa Anta,2023,Anak-anak
Perjanjian Gaib,2023,
Zodiac: Apa Bintangmu?,2023,
Kembang Api,2023,Drama
Virgo and The Sparklings,2023,
Panduan Mempersiapkan Perpisahan,2023,Drama
Bismillah Kunikahi Suamimu,2023,Percintaan
Kiko in The Deep Sea,2023,Anak-anak
Pesugihan: Bersekutu dengan Iblis,2023,Horor
Berbalas Kejam,2023,Misteri
Para Betina Pengikut Iblis,2023,Horor
Cherish & Ruelle,2023,Drama
Gita Cinta dari SMA,2023,Remaja
Dear David,2023,Drama
Waktu Maghrib,2023,Horor
Jalan yang Jauh Jangan Lupa Pulang,2023,Drama
Tanpa Ampun,2023,Laga
Tasbih Kosong,2023,Horor
Mangkujiwo 2,2023,Horor
Adagium,2023,
Autobiography,2022,Mendebarkan atau Menegangkan
Scandal Makers,2023,Drama
Balada si Roy,2023,Remaja
Bayi Ajaib,2023,Horor
Layar,2023,Drama
The Day Before the Wedding,2023,Drama
Hidayah,2023,Horor
Anak Titipan Setan,2023,Horor
Alena Anak Ratu Iblis,2023,Horor
Puisi Cinta yang Membunuh,2023,Mendebarkan atau Menegangkan
KKN di Desa Penari: Luwih Dowo Luwih Medeni,2022,Horor
Argantara,2022,Drama
Cek Toko Sebelah 2,2022,
Harmoni Cinta Bhinn Dan Eka,2022,Drama
Tumbal Kanjeng Iblis,2022,Horor
Ratu Dansa,2022,Drama
Ayo Putus,2022,
The Big 4,2022,
Cross the Line,2022,Drama
Like & Share,2022,Drama
Nagih Janji Cinta,2022,Drama
Qorin,2022,Horor
2045 Apa Ada Cinta,2022,Drama
Evakuasi Mama Emola,2022,
Keramat 2: Caruban Larang,2022,Horor
Tegar,2022,Drama
Anoksia,2022,Drama
Uti Deng Keke,2022,Drama
Pesantren,2022,
Ashiap Man,2022,Laga
Sri Asih,2022,Laga
Before I Met You,2022,
Perempuan Bergaun Merah,2022,Horor
Nariti: Romansa Danau Toba,2022,Drama
Qodrat,2022,Horor
"Crazy, Stupid, Love",2022,
Rumah Kaliurang,2022,Horor
Perfect Strangers,2022,Mendebarkan atau Menegangkan
Galang,2022,Drama
Inang,2022,Horor
Kalian Pantas Mati,2022,Horor
Pamali,2022,Horor
Preman,2021,
Jagat Arwah,2022,
Until Tomorrow,2022,Drama
Jailangkung: Sandekala,2022,Horor
Gendut Siapa Takut?!,2022,
Noktah Merah Perkawinan,2022,Drama
Lara Ati,2022,
48 Jam untuk Indah,2022,Drama
Miracle in Cell No 7,2022,Drama
Mendarat Darurat,2022,
Mumun,2022,Horor
Jodohku yang Mana?,2022,
Mertua vs Menantu,2022,
Mencuri Raden Saleh,2022,
Kamu Tidak Sendiri,2022,Mendebarkan atau Menegangkan
Romantik Problematik,2022,Drama
12 Cerita Glen Anggara,2022,Drama
Sayap-Sayap Patah,2022,Drama
Jo Sahabat Sejati,2022,
Wanalathi,2022,
Tumbal Hitam: Darah Anak Melik,2022,Horor
Pengabdi Setan 2: Communion,2022,Horor
"Before, Now & Then (Nana)",2022,Drama
Bukan Cinderella,2022,Drama
The Sacred Riana 2: Bloody Mary,2022,
Sinar untuk Genta,2022,Drama
Ghost Writer 2,2022,Komedi
Between Us,2022,Drama
Perjalanan Pertama,2022,
Ivanna,2022,Horor
The Last Prank,2022,Mendebarkan atau Menegangkan
"How Are You, Really?",2022,Drama
Ranah 3 Warna,2022,Drama
Madu Murni,2022,
Misi Kafe Biru,2022,Drama
Keluarga Cemara 2,2022,Drama
My Sassy Girl,2022,Drama
Naga Naga Naga,2022,
Atas Nama Surga,2022,Drama
Satria Dewa: Gatotkaca,2022,
Rumah Kuntilanak,2022,Horor
Buyut,2022,Horor
Ngeri-ngeri Sedap,2022,
The Doll 3,2022,Horor
Mengejar Surga,2022,Drama
I Love You Before I Met You,2022,Drama
Kopi Pahit,2022,Drama
Srimulat: Hil yang Mustahal Babak Pertama,2022,
Cinta Subuh,2022,Drama
Kambodja,2022,Drama
KKN di Desa Penari (Uncut),2022,Horor
Kuntilanak 3,2022,Horor
Gara-gara Warisan,2022,
KKN di Desa Penari,2022,Horor
DJS the Movie: Biarkan Aku Menari,2022,Drama
Oma the Demonic,2022,Horor
Sang Saudagar #Tabepuang,2022,
Walking Dead - Tomate,2022,Horor
Tutuge,2022,
I Need You Baby,2022,Komedi
Selimut Kabut Rongkong,2022,Drama
Pulang,2022,Drama
Tuhan Minta Duit,2022,Drama
Menjelang Magrib,2022,Horor
Rio the Survivor,2022,Drama
Baby Blues,2022,
"Hayya 2: Dream, Hope & Reality",2022,Drama
Jakarta vs Everybody,2022,Drama
7-24,2022,Drama
Satu untuk Selamanya,2022,Drama
Marley,2022,Drama
The Other Side,2022,Drama
Iblis dalam Kandungan,2022,Horor
Garis Waktu,2022,Drama
Ambo Nai Sopir Andalan,2022,
Clandestine,2022,
Father & Son,2022,Drama
Pelangi Tanpa Warna,2022,Drama
Tikam Polisi Noken,2022,Laga
Bede - Pulang ke Pelukmu,2022,
Arini by Love.inc,2022,Drama
Kukira Kau Rumah,2022,Drama
Akad,2022,
Cita-citaku Setinggi Balon,2022,Anak-anak atau keluarga
Ben & Jody,2022,
Just Mom,2022,Drama
Teluh,2022,Horor
Merindu Cahaya de Amstel,2022,Drama
Ada Mertua di Rumahku,2022,
Cek Ombak (Melulu),2022,Drama
Enam Batang,2022,Drama
Penyalin Cahaya,2022,Drama
Dear Nathan: Thank You Salma,2022,Drama
Trah 7,2022,Horor
Bus Om Bebek,2022,
"Cinta Pertama, Kedua & Ketiga",2022,Drama
Backstage,2021,
Makmum 2,2021,Horor
Sepeda Presiden,2021,Drama
Teka-teki Tika,2021,
Eyang Ti,2021,Drama
Kapan Pindah Rumah,2021,Drama
Menunggu Bunda,2021,Drama
Yowis Ben Finale,2021,
The Boy with Moving Image,2021,Drama
Kurindu Natal Keluarga: Santa Claus dari Jakarta?,2021,Drama
Vidkill,2021,Mendebarkan atau Menegangkan
Yuni,2021,Drama
Akhirat: A Love Story,2021,
"Seperti Dendam, Rindu Harus Dibayar Tuntas",2021,
One Night Stand,2021,Drama
Langit Kala Senja,2021,Drama
Kadet 1947,2021,
Yowis Ben 3,2021,
Tali Mati,2021,
Love of Fate,2021,Drama
Losmen Bu Broto,2021,Drama
Cinta Bete,2021,Drama
Senzano Savana,2021,
Paranoia,2021,
Pintu Surga Terakhir,2021,Drama
Bisikan Jenazah,2021,Horor
Story of Dinda: The Second Chance of Happiness,2021,Drama
Bangka I'm in Love,2021,Drama
Mimpi Pati di Ujung Selatan,2021,Drama
Roh Mati Paksa: Cinta Berujung Maut,2021,
A World Without,2021,
Nussa,2021,
Hompimpa,2021,Horor
Eyang Putri,2021,Horor
Kabut,2021,Horor
Zerre Pendekar Ufuk Timur,2021,Laga
Aum!,2021,Drama
The Watcher,2021,
Kau & Dia,2021,Drama
Notebook,2021,Drama
Pesan di Balik Awan,2021,Drama
Marriage,2021,Drama
Serigala Langit,2020,
Dear to Me,2021,
Selesai,2021,Drama
Ghibah,2021,Horor
I,2021,
Will,2021,
Survive,2021,
A Perfect Fit,2021,Drama
Devil on Top,2021,
Ali & Ratu-Ratu Queens,2021,
Persepsi,2021,Horor
"Arumi, Night Is Blue",2021,Drama
Gas Kuy,2021,
Till Death Do Us Part,2021,Drama
Invisible Hopes,2021,
Kuyang The Movie,2021,Horor
Tarian Lengger Maut,2021,Mendebarkan atau Menegangkan
Dear Imamku,2021,Drama
"Terima Kasih Emak, Terima Kasih Abah",2021,Drama
Hari yang Dijanjikan,2021,Drama
Wedding Proposal,2021,Drama
Adit Sopo Jarwo the Movie,2021,
Pulau Plastik: Perjalanan dan Catatan untuk Masa Depan,2021,
Bara,2021,
Surga yang Tak Dirindukan 3,2021,Drama
Ghost Buser: Misteri Desa Penari,2021,Komedi
Karena Kamu Cuma Satu,2021,Drama
Villa Angker Lembang,2021,Horor
Di Antara Mendung dan Kabutnya Kota Poso,2021,
Sampai Jadi Debu,2021,Drama
Jangan Sendirian,2021,
Tersanjung the Movie,2020,Drama
Flutter Echoes and Notes Concerning Nature,2021,Drama
Titisan Setan 2,2021,Horor
Ayudia dan Jalan Pulangnya,2021,Drama
Bisikan Arwah Mantan,2021,Horor
The Secret 2: Mystery of Villa 666,2021,Horor
Saidjah dan Adinda,2021,Drama
Atas Nama Barongsai,2021,
Persahabatan Bagai Kepompong,2021,Drama
Geez & Ann,2021,Drama
Tentang Rindu,2021,Drama
Hujan di Balik Jendela,2021,Drama
#BerhentidiKamu,2021,Drama
Layla Majnun,2021,Drama
De Toeng: Misteri Ayunan Nenek,2021,Horor
Agen Dunia,2021,Komedi
Angin Kongian 3,2021,Drama
Incredible Love,2021,Drama
Affliction,2021,Mendebarkan atau Menegangkan
Yang tak Tergantikan,2021,Drama
Bangkitnya Mayit: The Dark Soul,2021,Horor
Sobat Ambyar,2021,Drama
Teachers,2021,
June & Kopi,2021,Drama
Tarung Sarung,2020,
Asih 2,2020,Horor
Generasi 90an Melankolia,2020,Drama
Quarantine Tales,2020,Drama
Mars and Venus Collabs Version,2020,Komedi
Hiruk-Pikuk Si Al-Kisah,2019,Drama
Lily of the Valley,2020,Drama
Kemarin,2020,
Arwah Tumbal Nyai the Trilogy: Part Tumbal,2020,Horor
100% Halal,2020,Drama
You and I,2020,
Once Upon a Time in Indonesia,2020,Laga
Di Bawah Umur,2020,Drama
Nona,2020,Drama
Denting Kematian,2020,Horor
Story of Kale: When Someone's in Love,2020,Drama
Sejuta Sayang Untuknya,2020,Drama
Pelukis Hantu,2020,
Seperti Hujan yang Jatuh ke Bumi,2020,Drama
Malik & Elsa,2020,Drama
Bidadari Mencari Sayap,2020,Drama
Bukan Cerita Cinta,2020,Drama
Mia,2020,
Warkop DKI Reborn 4,2020,Komedi
Bucin,2020,Komedi
Benyamin Biang Kerok 2,2020,Komedi
Rentang Kisah,2020,Drama
Sabar Ini Ujian,2020,
Mudik,2020,Drama
Guru-guru Gokil,2020,Komedi
Bekas Rumah Sakit,2020,Horor
X-Tra Absurd!,2019,Komedi
Mariposa,2020,Drama
Buku Harianku,2020,Drama
Tenripada,2020,Drama
Djoerig Salawe,2020,
"Mekah, I'm Coming",2020,Komedi
Aku Tahu Kapan Kamu Mati,2020,Horor
#Teman Tapi Menikah 2,2020,
Sebelum Iblis Menjemput Ayat 2,2020,Horor
Riki Rhino,2020,
4 Mantan,2020,Mendebarkan atau Menegangkan
Toko Barang Mantan,2020,
Kajeng Kliwon,2020,Horor
Milea: Suara dari Dilan,2020,Drama
Nikah Yuk!,2020,Drama
Pemburu di Manchester Biru,2020,Drama
Temen Kondangan,2020,
Mangkujiwo,2020,Horor
Semesta,2020,
Mangga Muda,2020,
Akhir Kisah Cinta Si Doel,2020,Drama
Dignitate,2020,Drama
Nyanyian Akar Rumput,2020,
Anak Garuda,2020,Drama
Janin,2020,Horor
Surat dari Kematian,2020,Horor
Titus: Mystery of The Enygma,2020,
Abracadabra,2020,Drama
Nanti Kita Cerita tentang Hari Ini,2020,Drama
Rasuk 2,2020,Horor
Si Manis Jembatan Ancol,2019,Horor
Habibie & Ainun 3,2019,Drama
"Imperfect: Karier, Cinta & Timbangan",2019,Drama
Rembulan Tenggelam di Wajahmu,2019,Drama
Jeritan Malam,2019,Horor
Darah Daging,2019,
Eggnoid: Cinta & Portal Waktu,2019,Drama
Trinity Traveler,2019,Drama
Sang Prawira,2019,Drama
Nightmare Side: Delusional,2019,Horor
Rumah Kentang: The Beginning,2019,Horor
Senior,2019,Drama
Naga Bonar Reborn,2019,
Bike Boyz,2019,
99 Nama Cinta,2019,Drama
Love is a Bird,2019,Drama
Ati Raja,2019,Drama
Ratu Ilmu Hitam,2019,Horor
Hanya Manusia,2019,
Love For Sale 2,2019,Drama
Lampor: Keranda Terbang,2019,Horor
Susi Susanti: Love All,2019,Drama
Kelam,2019,Horor
Zharfa,2019,Drama
Wening,2019,Drama
Ajari Aku Islam,2019,Drama
Perempuan Tanah Jahanam,2019,Horor
Sin,2019,Drama
Ku Tak Percaya Kamu Mati,2019,Drama
Cinta Itu Buta,2019,Drama
Inem Pelayan Sexy New,2019,
Bebas,2019,Drama
Horas Amang: Tiga Bulan untuk Selamanya,2019,
Danur 3: Sunyaruri,2019,Horor
"6,9 Detik",2019,Drama
Lagu untuk Anakku,2019,
Martabak Bangka,2019,Drama
Hayya: The Power of Love 2,2019,Drama
Pretty Boys,2019,
Warkop DKI Reborn,2019,Komedi
Lorong,2019,
Suami yang Menangis,2019,Drama
Kembalinya Anak Iblis,2019,Horor
Kapal Goyang Kapten,2019,
Gundala: Negeri Ini Butuh Patriot,2019,
Twivortiare,2019,Drama
#moveonaja,2019,
Ritual,2019,Horor
Bali: Beats of Paradise,2018,
Bumi Manusia,2019,Drama
Perburuan,2019,Drama
Makmum,2019,Horor
Wedding Agreement,2019,Drama
Mahasiswi Baru,2019,
Zeta: When the Dead Awaken,2019,
Bridezilla,2019,Drama
Kutuk,2019,Horor
Uka-uka the Movie: Nini Tulang,2019,Horor
Koboy Kampus,2019,Drama
Dilarang Menyanyi di Kamar Mandi,2019,
Pintu Merah,2019,Horor
Suwung,2019,Horor
Iqro: My Universe,2019,
Dua Garis Biru,2019,
Ikut Aku ke Neraka,2019,Horor
Anak Muda Palsu,2019,Komedi
Say I Love You,2019,
Sabyan Menjemput Mimpi,2019,
Koki-koki Cilik 2,2019,
Rumah Merah Putih,2019,
Doremi & You,2019,
Mendadak Kaya,2019,Komedi
Mountain Song,2019,Drama
Si Doel the Movie 2,2019,Drama
Single 2,2019,Komedi
Ghost Writer,2019,
Kuntilanak 2,2019,Horor
Hit & Run,2019,
Down Swan,2019,Drama
The Lawyers: Pokrol Bambu,2019,
Ambu,2019,Drama
Jack,2019,
#Malam Jumat The Movie,2019,Horor
Pariban: Idola dari Tanah Jawa,2019,
Roh Fasik,2019,Horor
Sukep The Movie,2019,
Sekte,2019,Horor
Arwah Noni Belanda,2019,Horor
27 Steps of May,2019,Drama
Rumput Tetangga,2019,
Pocong the Origin,2019,Horor
Kucumbu Tubuh Indahku,2019,Drama
Bumi Itu Bulat,2019,
Sunyi,2019,Horor
Ave Maryam,2019,Drama
Lukisan Ratu Kidul,2019,Horor
MeloDylan,2019,Drama
Mantan Manten,2019,Drama
Suporter Masuk Pesantren,2019,
My Stupid Boss 2,2019,
MatiAnak,2019,Horor
Pohon Terkenal,2019,Drama
Kuambil Lagi Hatiku,2019,Drama
Roy Kiyoshi: The Untold Story,2019,Horor
Yowis Ben 2,2019,
The Sacred Riana: Beginning,2019,Horor
Leak (Penangkeb),2019,Horor
Reva: Guna Guna,2019,Horor
Dilan 1991,2019,Drama
Anak Hoki,2019,Drama
11:11: Apa yang Kau Lihat?,2019,Horor
Foxtrot Six,2019,Laga
Antologi Rasa,2019,Drama
Calon Bini,2019,
Kain Kafan Hitam,2019,Horor
Satu Suro,2019,Horor
The Way I Love You,2019,Drama
Laundry Show,2019,
Tembang Lingsir,2019,Horor
PSP: Gaya Mahasiswa,2019,Komedi
Terlalu Tampan,2019,Komedi
Babe: dari Leiden ke Bekasi,2019,Drama
Orang Kaya Baru,2019,
Tabu: Mengusik Gerbang Iblis,2019,Horor
Matt & Mou,2019,Drama
Terimakasih Cinta,2019,Drama
Mata Batin 2,2019,Horor
Preman Pensiun,2019,
Perjanjian dengan Iblis,2019,Horor
Lagi-lagi Ateng,2019,
After Met You,2019,Drama
DreadOut,2019,Horor
Keluarga Cemara,2019,Drama
Asal Kau Bahagia,2018,Drama
Milly & Mamet: Ini Bukan Cinta & Rangga,2018,
Silam,2018,Horor
Sesuai Aplikasi,2018,Komedi
Tusuk Jelangkung di Lubang Buaya,2018,Horor
Wengi: Anak Mayit,2018,Horor
Namamu Kata Pertamaku,2018,Drama
Arwah Tumbal Nyai: part Nyai,2018,Horor
Mama Mama Jagoan,2018,
Dongeng Mistis,2018,Horor
Message Man,2018,Laga
Suzzanna: Bernapas dalam Kubur,2018,Horor
Keira: Kisah Gadis dengan Tujuh Kepribadian,2018,
Hanum & Rangga: Faith & The City,2018,Drama
A Man Called Ahok,2018,Drama
Wahana Rumah Hantu,2018,
The Returning,2018,Horor
Tujuh Bidadari,2018,Horor
Jaga Pocong,2018,Horor
Dear Nathan Hello Salma,2018,Drama
3 Dara 2,2018,Komedi
The Night Comes for Us,2018,Laga
Dancing in the Rain,2018,Drama
Tengkorak,2018,Fantasi
Generasi Micin,2018,
Menunggu Pagi,2018,Drama
Asih,2018,Horor
Kesempatan Kedu(d)a,2018,
Liam dan Laila,2018,Drama
The Origin of Santet,2018,
Aruna & Lidahnya,2018,Drama
Arwah Tumbal Nyai the Trilogy: part Arwah,2018,Horor
Something in Between,2018,Drama
Baco Becce,2018,Komedi
Belok Kanan Barcelona,2018,Drama
Sakral,2018,Horor
Siap Gan!,2018,Komedi
Gila Lu Ndro,2018,Komedi
Bisikan Iblis,2018,Horor
Jejak Cinta,2018,Drama
Udah Putusin Aja!,2018,Drama
Wiro Sableng: Pendekar Kapak Maut Naga Geni 212,2018,Laga
Petualangan Menangkap Petir,2018,
Purnama 9,2018,
"Sultan Agung: Tahta, Perjuangan, Cinta",2018,
Sesat: Yang Sudah Pergi Jangan Dipanggil Lagi,2018,Horor
Cinta sama dengan Cindolo na Tape,2018,
Napak Pertiwi: A Land to Remember,2018,Drama
DOA (Doyok-Otoy-Ali Oncom): Cari Jodoh,2018,Komedi
Gentayangan,2018,Horor
Rompis,2018,Drama
Sebelum Iblis Menjemput,2018,Horor
Kasinem is Coming,2018,
Serendipity,2018,Drama
Si Doel the Movie,2018,Drama
Aib: #Cyberbully,2018,Mendebarkan atau Menegangkan
Kafir: Bersekutu dengan Setan,2018,Horor
Sara & Fei: Stadhuis Schandaal,2018,Drama
13: The Haunted,2018,Horor
Tumbal: The Ritual,2018,Horor
Buffalo Boys,2018,Laga
22 Menit,2018,
Sabrina,2018,Horor
"R - Raja, Ratu & Rahasia",2018,Drama
Rocker Balik Kampung,2018,
Nyanyian Anak,2018,
Jaran Goyang,2018,Horor
Koki-Koki Cilik,2018,
Bodyguard Ugal-Ugalan,2018,Komedi
Rasuk,2018,Horor
Kulari ke Pantai,2018,
Satu Jiwa untuk Indonesia: Darah Biru Arema 2,2018,
Dimsum Martabak,2018,
Insya Allah Sah 2,2018,
Jailangkung 2,2018,Horor
Kuntilanak,2018,Horor
Target,2018,
"Love Reborn: Komik, Musik & Kisah Masa Lalu",2018,
Lima,2018,Drama
Alas Pati,2018,Horor
Selembar Itu Berarti,2018,Drama
The Gift,2018,Drama
5 PM: Dia yang Hatinya Terpaut pada Masjid,2018,Drama
Anak Negeri Megalith,2018,Drama
Assalamualaikum Calon Imam,2018,Drama
212 The Power of Love,2018,Drama
EL,2018,Drama
Sunset di Pantai Losari,2018,Drama
Ananta,2018,Drama
Sajen,2018,Horor
The Secret: Suster Ngesot Urban Legend,2018,Horor
Terbang: Menembus Langit,2018,Drama
Melawan Takdir,2018,Drama
Kembang Kantil,2018,Horor
Enak Tho Zamanku: Piye Kabare,2018,
Reuni Z,2018,Komedi
Halo Makassar,2018,
The Perfect Husband,2018,Drama
Arini: Masih Ada Kereta yang Akan Lewat,2018,Drama
Partikelir,2018,
Bluebell,2018,Drama
Jelita Sejuba: Mencintai Kesatria Negara,2018,Drama
Nyungsang,2018,Horor
Revan & Reina,2018,Drama
#Teman tapi Menikah,2018,Drama
Danur 2:  Maddah,2018,Horor
Guru Ngaji,2018,Drama
Kenapa Harus Bule?,2018,Drama
Moonrise Over Egypt,2018,Drama
Get Lost: Urban Legend di Benteng Pendem,2018,Horor
Hongkong Kasarung,2018,Komedi
Love for Sale,2018,Drama
Takut Kawin,2018,
Titisan Setan,2018,Horor
Mata Dewa,2018,Drama
Asy Syahid KH Zainal Musthafa,2018,Drama
Benyamin Biang Kerok,2018,
Trip n Vlog: #Pulang Kampung,2018,Drama
Nini Thowok,2018,Horor
Yowis Ben,2018,Komedi
Meet Me After Sunset,2018,Drama
Air Mata Aisyah,2018,Drama
Bayi Gaib: Bayi Tumbal Bayi Mati,2018,Horor
Eiffel... I'm In Love 2,2018,Drama
Pai Kau,2018,Mendebarkan atau Menegangkan
Bunda: Kisah Cinta 2 Kodi,2018,Drama
London Love Story 3,2018,Drama
Hoax,2018,Drama
Syirik,2018,
Dilan 1990,2018,
Ghost,2018,Horor
Rumah Belanda,2018,Horor
Flight 555,2018,
Silariang: Cinta yang (Tak) Direstui,2018,Drama
Maipa Deapati & Datu' Museng,2018,
Forever Holiday in Bali,2018,Drama
Arumi,2018,Horor
Si Juki the Movie: Panitia Hari Akhir,2017,
Surat Cinta untuk Starla the Movie,2017,Drama
Ayat Ayat Cinta 2,2017,Drama
Susah Sinyal,2017,
5 Cowok Jagoan: Rise of the Zombies,2017,
Satu Hari Nanti,2017,Drama
Chrisye,2017,Drama
Leak,2017,Horor
Mata Batin,2017,Horor
Mau Jadi Apa?,2017,Komedi
Valentine,2017,
Keluarga Tak Kasat Mata,2017,Horor
Knight Kris,2017,
Marlina Si Pembunuh Dalam Empat Babak,2017,
After School Horror 2,2017,Horor
Naura & Genk Juara the Movie,2017,
Kaili: Karena Aku Ingin Kembali,2017,Drama
My Generation,2017,Drama
Wage,2017,Drama
Molulo: Jodoh Tak Bisa Dipaksa,2017,
Gasing Tengkorak,2017,Horor
Hujan Bulan Juni,2017,Drama
Surga pun Ikut Menangis,2017,Drama
Posesif,2017,Drama
Negeri Dongeng,2017,
Duka Sedalam Cinta,2017,Drama
Devil's Whisper,2017,
Syaikh Abubakar,2017,Drama
Gunung Bawakaraeng,2017,Horor
Tarling is Darling,2017,
Will Kenanglah,2017,Drama
One Fine Day,2017,Drama
Mereka Yang Tak Terlihat,2017,
Hantu Sei Ladi,2017,Horor
Ruqyah: The Exorcism,2017,Horor
Jomblo,2017,Komedi
Merah Putih Memanggil,2017,
My Stupid Boyfriend,2017,Komedi
Pengabdi Setan,2017,Horor
Suhu Beku,2017,Drama
Suami untuk Mak,2017,
Gerbang Neraka,2017,Petualangan
Sekala Niskala: The Seen and Unseen,2018,Drama
Hantu Jeruk Purut Reborn,2017,Horor
Total Chaos,2017,
Mobil Bekas dan Kisah-Kisah dalam Putaran,2017,Drama
Petak Umpet Minako,2017,Horor
Jembatan Pensil,2017,
Tommi n Jerri,2017,Komedi
Warkop DKI Reborn: Jangkrik Boss Part 2,2017,Komedi
The Real Parakang: Warisan Berdarah,2017,Horor
Nyai Ahmad Dahlan,2017,Drama
The Underdogs,2017,Komedi
Turah,2017,Drama
"A: Aku, Benci, dan Cinta",2017,Drama
12:06 Rumah Kucing,2017,Horor
Rafathar,2017,
Berangkat!,2017,Komedi
Mars Met Venus (Part Cowo),2017,
Banda the Dark Forgotten Trail,2017,
Psikopat,2017,Horor
Ten: the Secret Mission,2017,Laga
Mars Met Venus (Part Cewe),2017,
The Doll 2,2017,Horor
Bukan Cinta Malaikat,2017,Drama
Filosofi Kopi the Movie 2: Ben & Jody,2017,Drama
Balada Bala Sinema,2017,
Surat Kecil untuk Tuhan,2017,Drama
Sweet 20,2017,
Jailangkung,2017,Horor
Insya Allah Sah,2017,Komedi
Mantan,2017,Drama
Multiverse: The 13th Step,2017,Horor
Parakang: Manusia Jadi-jadian,2017,Horor
Ziarah,2017,Drama
Critical Eleven,2017,Drama
Selebgram,2017,
Membabi-buta,2017,Mendebarkan atau Menegangkan
Satria Heroes: Revenge of Darkness,2017,Laga
Surau dan Silek,2017,
The Curse,2017,Horor
Seteru,2017,Drama
Stip & Pensil,2017,
Kartini,2017,Drama
Mengejar Halal,2017,Drama
The Guys,2017,Komedi
Hitam dan Putih,2017,
BFF (Best Friends Forever),2017,
Night Bus,2017,Mendebarkan atau Menegangkan
Labuan Hati,2017,Drama
Danur: I Can See Ghosts,2017,Horor
Perfect Dream,2017,Drama
Mooncake Story,2017,Drama
Dear Nathan,2017,Drama
Baracas: Barisan Anti Cinta Asmara,2017,
Bidah Cinta,2017,Drama
"Trinity, the Nekad Traveler",2017,Drama
Musik untuk Cinta,2017,
Ular Tangga,2017,Horor
Galih dan Ratna,2017,Drama
Silariang: Menggapai Keabadian Cinta,2017,Drama
London Love Story 2,2017,Drama
Bukaan 8,2017,
Moammar Emka's Jakarta Undercover,2017,Drama
Salawaku,2016,Drama
Remember The Flavor,2017,Drama
Generasi Kocak: 90-an vs Komika,2017,Komedi
Gunung Kawi,2017,
Surga Yang Tak Dirindukan 2,2017,Drama
Pertaruhan,2017,
Boven Digoel,2017,Drama
From London to Bali,2017,Drama
The Promise,2017,Horor
The Chocolate Chance,2017,Drama
Iqro: Petualangan Meraih Bintang,2017,
The Last Barongsai,2017,Drama
Security Ugal-ugalan,2017,
Demi Cinta,2017,Komedi
Istirahatlah Kata-kata,2016,Drama
Cahaya Cinta Pesantren,2017,Drama
Jomblo Ngenes,2017,
Ayu Anak Titipan Surga,2017,
Promise,2017,Drama
Petualangan Singa Pemberani Atlantos 2,2016,
Otajin,2016,Horor
Cek Toko Sebelah,2016,
Hangout,2016,
The Professionals,2016,
Mengejar Embun ke Eropa,2016,Drama
Pasukan Garuda: I Leave My Heart In Lebanon,2016,
Bulan Terbelah di Langit Amerika 2,2016,Drama
Headshot,2016,Laga
hUSh,2016,Drama
Senjakala di Manado,2016,Drama
Cinta Laki-Laki Biasa,2016,Drama
Terjebak Nostalgia,2016,Drama
Sihung,2016,
Surga di Telapak Kaki Ibu,2016,Drama
Maju Kena Mundur Kena Returns,2016,Komedi
Rumah Malaikat,2016,Horor
Adrenaline,2016,Horor
Melbourne Rewind,2016,Drama
#66,2016,Laga
Barakati,2016,
Ibu Maafkan Aku,2016,Drama
Terpana,2016,Drama
Shy Shy Cat,2016,
Missing You,2016,Horor
Catatan Dodol Calon Dokter,2016,
The Doll,2016,Horor
Petani Terakhir,2016,
Masean's Messages,2016,
Gesang Sang Maestro Keroncong,2016,
Me vs Mami,2016,
Dear Love,2016,Drama
Gelas-gelas Kaca the Movie,2016,Drama
Wonderful Life,2016,Drama
Pinky Promise,2016,Drama
Nyai,2016,Drama
Sunya,2016,Drama
Humor Baper,2016,Komedi
Ada Cinta Di SMA,2016,Drama
Spy In Love,2016,
Athirah,2016,Drama
Nokas,2016,
Sang Sekretaris,2016,
Daerah Terlarang,2016,
8 Hari Menaklukan Cowok,2016,Drama
Comic Kong X Kong,2016,Komedi
DPO (Detachement Police Operation),2016,
Will You Marry Me,2016,Drama
Warkop DKI Reborn: Jangkrik Boss! part 1,2016,Komedi
Algojo: Perang Santet,2016,
Setan Jawa,2016,Drama
Aku Ingin Ibu Pulang,2016,
Ini Kisah Tiga Dara,2016,
Surat Untukmu,2016,Drama
Simfoni Satu Tanda,2016,Drama
Uang Panai'= Maha(r)l,2016,Komedi
3 Pilihan Hidup,2016,Drama
Triangle: the Dark Side,2016,Laga
Mimpi Anak Pulau,2016,Drama
Pantja-Sila: Cita-cita & Realita,2016,
Winter in Tokyo,2016,Drama
Lasjkar di Tapal Batas,2016,
Bintang di Langit Belitong,2016,
3 Srikandi,2016,Drama
Bangkit!,2016,
Chikung,2016,Laga
Untuk Angeline,2016,Drama
Koala Kumal,2016,Komedi
Jilbab Traveler: Love Sparks In Korea,2016,Drama
ILY from 38.000 Ft,2016,Drama
Sabtu Bersama Bapak,2016,Drama
{rudy habibie},2016,Drama
Indera Keenam,2016,Horor
Pontien: Pontianak Untold Story,2016,Horor
Dubsmash,2016,Drama
Surga Menanti,2016,Drama
Sundul Gan: the Story of Kaskus,2016,
1 Cinta di Bira,2016,Drama
Pacarku Anak Koruptor,2016,
2 Batas Waktu: Amanah Isa Al-Masih,2016,Drama
Aisyah: Biarkan Kami Bersaudara,2016,Drama
My Stupid Boss,2016,
Jangan Dengerin Sendiri,2016,Horor
The Window,2016,Drama
The Fabulous Udin,2016,Drama
Komedi Gokil 2,2016,Komedi
Mars: Mimpi Ananda Raih Semesta,2016,Drama
Modus,2016,Komedi
Rumah Pasung,2016,Horor
Ada Apa Dengan Cinta 2,2016,Drama
Super Didi,2016,Drama
Surat Cinta untuk Kartini,2016,Drama
Cipali Km 182,2016,Horor
Kalam-kalam Langit,2016,Drama
Juara,2016,
Video Maut,2016,Horor
Get Up Stand Up,2016,
Ghost Diary,2016,Horor
Gila Jiwa the Movie,2016,
Potongan,2016,
Oops!! Ada Vampir,2016,
Beauty and the Best,2016,Drama
Raksasa dari Jogja,2016,Drama
Blusukan Jakarta,2016,Drama
Abdullah & Takeshi,2016,Komedi
Dilarang Masuk..!,2016,Horor
Wa'alaikumussalam Paris,2016,
Romansa: Gending Cinta di Tanah Turki,2016,Drama
Iblis,2016,Horor
Dreams,2016,Drama
Iseng,2016,Drama
Comic 8: Casino Kings Part 2,2016,
Pesantren Impian,2016,
Jingga,2016,Drama
Stay with Me,2016,Drama
Bombe' Dua: Dumba'-Dumba',2016,
Jagoan Instan,2016,
Dia Pasti Datang,2016,Horor
I Am Hope,2016,Drama
Indonesia Kirana,2016,
A Copy of My Mind,2015,Drama
Talak 3,2016,
Aach... Aku Jatuh Cinta,2015,Drama
London Love Story,2016,Drama
Siti,2014,Drama
Surat Dari Praha,2016,Drama
Air Terjun Bukit Perawan,2016,Horor
Petualangan Singa Pemberani Atlantos,2016,
Ketika Mas Gagah Pergi the Movie,2016,Drama
Sawadikap,2016,Horor
Midnight Show,2016,Mendebarkan atau Menegangkan
Hantu Cantik Kok Ngompol?,2016,Horor
Wanita Berdarah,2016,
Tausiyah Cinta,2016,Drama
Ngenest,2015,Komedi
Sunshine Becomes You,2015,Drama
Negeri Van Oranje,2015,Drama
Single,2015,
Bulan Terbelah di Langit Amerika,2015,Drama
Penghuni Lain,2015,Horor
Harim di Tanah Haram,2015,Drama
Black Honeymoon,2015,Mendebarkan atau Menegangkan
Villa 603,2015,Horor
Miracle: Jatuh dari Surga,2015,Drama
Skakmat,2015,
Sumiati,2015,Horor
Midnight,2015,
Nay,2015,Drama
Warisan Olga,2015,Komedi
Relationshit,2015,
Heart Beat,2015,Drama
Badoet,2015,
Misterius,2015,Horor
Kakak,2015,Horor
Ayah Menyayangi Tanpa Akhir,2015,Drama
Sebuah Lagu Untuk Tuhan,2015,Drama
Air Mata Surga,2015,Drama
Bait Surau,2015,Drama
Cai Lan Gong,2015,Horor
Menara Stasiun Cawang,2015,Horor
Tiger Boy,2015,
Bulu Mata,2015,
The Wedding & Bebek Betutu,2015,Komedi
Malaikat Kecil,2015,Drama
3 (Tiga),2015,Laga
Air Mata Fatimah,2015,Drama
Dihantui Guna-guna,2015,Horor
3 Dara,2015,
Where Is My Romeo,2015,Drama
Hantu Kuburan Tua,2015,Horor
Komedi Moderen Gokil,2015,Komedi
Miemien: Hantu Posesif,2015,
Hantu Diskotik Kota,2015,Horor
Demona,2015,Horor
Bidadari Terakhir,2015,Drama
Lily: Bunga Terakhirku,2015,Mendebarkan atau Menegangkan
Move On,2015,Drama
Alpha Project: Arwah Penasaran,2015,Horor
Harimau Minahasa,2015,
Jenderal Soedirman,2015,
Gangster,2015,
Battle of Surabaya,2015,
Palasik,2015,Horor
Hantu Nancy,2015,Horor
Magic Hour,2015,Drama
Love You... Love You Not...,2015,Drama
Kastil Tua,2015,Horor
Kembar 5,2015,Mendebarkan atau Menegangkan
99% Muhrim: Get Married 5,2015,
Catatan Akhir Kuliah,2015,
Surga yang Tak Dirindukan,2015,Drama
Comic 8: Casino Kings part 1,2015,
Lamaran,2015,
Mencari Hilal,2015,Drama
Ayat-Ayat Adinda,2015,Drama
Pizza Man,2015,
Cabe-Cabean,2015,
Halu,2015,Mendebarkan atau Menegangkan
Persembahan Terakhir the Movie,2015,
7 Hari Menembus Waktu,2015,Drama
The Dark Castle,2015,Horor
Doea Tanda Cinta,2015,
Hagesu (Hantu Gendong Susu),2015,Horor
Dejavu: Ajian Puter Giling,2015,Horor
LDR,2015,Drama
Paku,2015,Horor
Epen Cupen the Movie,2015,Komedi
Tarot,2015,Horor
Youtubers,2015,Komedi
Toba Dreams,2015,Drama
Miss Call,2015,Horor
Cinta Selamanya,2015,Drama
Turis Romantis,2015,
Romeo+Rinjani,2015,Drama
Bulan di Atas Kuburan,2015,Drama
Wewe,2015,Horor
Filosofi Kopi the Movie,2015,Drama
Guru Bangsa Tjokroaminoto,2015,Drama
Tuyul part 1,2015,Horor
Melancholy Is a Movement,2015,Drama
Ada Surga di Rumahmu,2015,Drama
Danum Baputi: Penjaga Mata Air,2015,Drama
Air & Api,2015,
Check in Bangkok,2015,
Petualangan Singa Pemberani Magilika,2015,
Kampung Zombie,2015,Horor
Horror House,2015,Horor
Kesurupan Jumat Kliwon,2015,Horor
Kok Putusin Gue,2015,Drama
Tes Nyali,2015,Horor
Silent Hero(es),2015,Drama
Love and Faith,2015,Drama
2014: Siapa Di Atas Presiden,2015,
Anak Kos Dodol,2015,Komedi
Gue Bukan Pocong,2015,
CJR The Movie: Lawan Rasa Takutmu,2015,Drama
Takut: Tujuh Hari Bersama Setan,2015,Horor
This Is Cinta,2015,Drama
Kapan Kawin?,2015,
Pohon Keramat,2015,Horor
Janji Hati,2015,Drama
Nada untuk Asa,2015,Drama
Penjuru 5 Santri,2015,Drama
Rock N Love,2015,Drama
Another Trip To The Moon,2015,
Nenek Siam,2015,Horor
Cerita Cinta,2015,Drama
Kacaunya Dunia Persilatan,2015,
Hijab,2015,
Di Balik 98,2015,Drama
Tanah Mama,2015,
Erau Kota Raja,2015,Drama
Garuda Superhero,2015,Laga
Rumah Kosong,2014,Horor
Assalamualaikum Beijing,2014,Drama
Merry Riana: Mimpi Sejuta Dolar,2014,Drama
Pendekar Tongkat Emas,2014,Laga
Bidadari Pulau Hantu,2014,Horor
"Supernova: Ksatria, Putri, & Bintang Jatuh",2014,Drama
Kukejar Cinta ke Negeri Cina,2014,Drama
Danau Hitam,2014,Horor
7/24,2014,
Unlimited Love,2014,Drama
Jokowi Adalah Kita,2014,Drama
Salah Bodi,2014,
Angker,2014,Horor
Layu Sebelum Berkembang,2014,
Hantu juga Selfie,2014,
Cermin Penari Jaipong,2014,Horor
Mantan Terindah,2014,Drama
Kota Tua Jakarta,2014,Horor
Bombe',2014,
Rumah Gurita,2014,Horor
99 Cahaya di Langit Eropa: the Final Edition,2014,Drama
Solit4ire,2014,Horor
Hantu Merah Casablanca,2014,Horor
Tak Kemal Maka Tak Sayang,2014,Komedi
3 Nafas Likas,2014,Drama
Remember When: Ketika Kau dan Aku Jatuh Cinta,2014,Drama
Kuntilanak Ciliwung,2014,Horor
Garuda 19: Semangat Membatu,2014,Drama
Strawberry Surprise,2014,Drama
Haji Backpacker,2014,Drama
My Idiot Brother,2014,Drama
Yang Ketu7uh,2014,
Nyi Roro Kidul Project,2014,Horor
Tabula Rasa,2014,Drama
Antalogi Film Dokumenter Eagle Awards,2014,
13 (Tigabelas),2014,Horor
Duel: The Last Choice,2014,Laga
"Aku, Kau & KUA",2014,Komedi
Tenggelamnya Kapal Van Der Wijck Extended,2014,Drama
Malam Minggu Miko The Movie,2014,Komedi
Tumbal 97,2014,Horor
Hijabers in Love,2014,Drama
Olga & Billy Lost in Singapore,2014,Komedi
Ma'rifat Cinta,2014,Drama
Taman Langsat Mayestik,2014,Horor
Negeri Tanpa Telinga,2014,Komedi
Mengejar Malam Pertama,2014,Komedi
Suka Suka Super Seven dan Idola Cilik dalam Habis Gelap Menuju Terang,2014,
Hantu Pohon Boneka,2014,Horor
Kamar 207,2014,Horor
Runaway,2014,
Bajaj Bajuri The Movie,2014,Komedi
Hijrah Cinta,2014,Drama
Seputih Cinta Melati,2014,Drama
Vakansi yang Janggal dan Penyakit Lainnya,2013,Drama
Toilet Blues,2013,Drama
Diaspora Cinta di Taipei,2014,
Kompilasi Pemenang XXI Short Film Festival 2014,2014,
Para Pemburu Gajah,2014,
Cahaya dari Timur: Beta Maluku,2014,Drama
"Selamat Pagi, Malam",2014,Drama
Laskar Semut Merah,2014,
Mari Lari,2014,Drama
Main Dukun,2014,Horor
Sarang Hantu Jakarta,2014,Horor
Biji Kopi Indonesia,2014,
Viva JKT48,2014,
Ketika Tuhan Jatuh Cinta,2014,Drama
Hotline 666: Delivery to Hell,2014,Horor
Sang Pemberani,2014,
After School Horror,2014,Horor
17 Tahun ke Atas,2014,Drama
Marah di Bumi Lambu,2014,
Marmut Merah Jambu,2014,Komedi
Sebelum Pagi Terulang Kembali,2014,Drama
Luntang Lantung,2014,
Guardian,2014,Laga
Tania,2014,Drama
Modal Dengkul,2014,Komedi
Mall Klender,2014,Horor
Me & You vs The World,2014,Drama
Kesurupan Setan,2014,Horor
Jomblo Keep Smile,2014,Komedi
Crush,2014,
Sepatu Dahlan,2014,Drama
Jalanan,2014,
Caleg By Accident,2014,
3600 Detik,2014,Drama
The Raid 2: Berandal,2014,
Pocong Pasti Berlalu,2014,
oo Nina Bobo,2014,Horor
Petualangan Singa Pemberani Dinoterra,2014,
Thank You Cinta,2014,Drama
4 Tahun Tinggal di Rumah Hantu,2014,Horor
99 Cahaya di Langit Eropa Part 2,2014,Drama
Aku Cinta Kamu,2014,
Hantu Anak Rumah Prapanca,2014,Horor
The Right One,2014,Drama
Street Society,2014,
Mentari Dari Kurau,2014,Drama
Retak Gading,2014,Drama
Killers,2014,
7 Misi Rahasia Sophie,2014,Drama
Cinta Pertamaku,2014,
Comic 8,2014,
12 Menit: Kemenangan untuk Selamanya,2014,Drama
Drakula Cinta,2014,Horor
Sayap Kecil Garuda,2014,Drama
Boneka Setan,2014,Horor
Kau & Aku Cinta Indonesia,2014,Drama
Malam Suro di Rumah Darmo,2014,Horor
"Princess, Bajak Laut & Alien",2014,Anak-anak atau keluarga
Pukulan Maut,2014,
1000 Balon,2013,Anak-anak atau keluarga
Laskar Pelangi 2: Edensor,2013,Drama
Slank Nggak Ada Matinya,2013,Drama
Tenggelamnya Kapal Van Der Wijck,2013,Drama
Mengejar Setan,2013,Horor
Isyarat,2013,Drama
Soekarno: Indonesia Merdeka,2013,Drama
Rocket Rain,2013,Drama
99 Cahaya di Langit Eropa,2013,Drama
King of Rock City,2013,
Sagarmatha,2013,Drama
Eyang Kubur,2013,
Sokola Rimba,2013,Drama
Bukan Hanya Mata Ketiga,2013,Drama
Make Money,2013,Komedi
Noah Awal Semula,2013,
Adriana,2013,Drama
Taman Lawang,2013,
3 Cewek Petualang,2013,Mendebarkan atau Menegangkan
Bangkit dari Lumpur,2013,Horor
Merry Go Round,2013,
Petualangan Si Adi,2013,
Dhaup Ageng,2013,
23:59 Sebelum...,2013,Drama
Dendam Arwah Rel Bintaro,2013,Horor
Romantini,2013,Drama
Manusia Setengah Salmon,2013,Komedi
Hati ke Hati,2013,Drama
Air Mata Terakhir Bunda,2013,Drama
Pantai Selatan,2013,
Cahaya Kecil,2013,
Kemasukan Setan,2013,Horor
Malam Seribu Bulan,2013,Drama
Wanita Tetap Wanita,2013,Drama
Rumah Angker Pondok Indah,2013,Horor
Azrax Melawan Sindikat Perdagangan Wanita,2013,
Kawin Kontrak 3,2013,Komedi
Perawan Seberang,2013,
Cinta/Mati,2013,
Crazy Love,2013,Drama
Moga Bunda Disayang Allah,2013,Drama
La Tahzan,2013,Drama
Get M4rried,2013,Komedi
Bismillah Aku Mencintaimu,2013,Drama
Tak Sempurna,2013,
Petualangan Lollypop,2013,
21 Short Film,2013,
I'm Star,2013,
Satu Hati Sejuta Cinta,2013,Drama
Refrain,2013,Drama
Jokowi,2013,Drama
Leher Angsa,2013,
Cinta Dalam Kardus,2013,
Cinta dari Wamena,2013,Drama
Rock for Kamtis,2012,
Coboy Junior The Movie,2013,
308,2013,Horor
Honeymoon,2013,Komedi
Sang Kiai,2013,Drama
Laura & Marsha,2013,Drama
Optatissimus,2013,Drama
Pintu Harmonika,2013,
Setelah 15 Tahun,2013,
Jangan Menangis Sinar,2013,Drama
Masih Adakah Cinta Kita,2013,Drama
Cinta Brontosaurus,2013,
Kembalinya Nenek Gayung,2013,
The Legend of Trio Macan,2013,
Yang Tidak Dibicarakan Ketika Membicarakan Cinta,2013,Drama
Kisah 3 Titik,2013,Drama
9 Summers 10 Autumns,2013,Drama
Kerasukan,2013,Horor
Mursala,2013,Drama
Finding Srimulat,2013,Komedi
Hari Ini Pasti Menang,2013,Drama
Pokun Roxy,2013,
Bangun Lagi Dong Lupus,2013,
Anak Sabiran di Balik Cahaya Gemerlapan (Sang Arsip),2013,
Madre,2013,Drama
Tampan Tailor,2013,Drama
KM 97,2013,Horor
Hasduk Berpola,2013,Drama
Petualangan Singa Pemberani 2,2013,
Sule Detektif Tokek,2013,Komedi
Jeritan Danau Terlarang (Situ Gintung),2013,Horor
Berlian Si Etty,2013,
Misteri Cipularang,2013,Horor
Belenggu,2013,Mendebarkan atau Menegangkan
Operation Wedding,2013,
Di Sini Ada Yang Mati,2013,Horor
Kata Hati,2013,Drama
Rectoverso,2013,Drama
Something in the Way,2013,Drama
True Heart,2013,
Air Terjun Pengantin Phuket,2013,Mendebarkan atau Menegangkan
Nightmare Side,2013,Horor
3Sum,2013,
Di Balik Frekuensi,2013,
Dream Obama,2013,Drama
Tiga Sekawan: Iiih... Hantu...???,2013,
Sang Pialang,2013,Drama
Mika,2013,Drama
3 Playboy Galau,2013,
Gending Sriwijaya,2013,
Dead Mine,2013,
Demi Ucok,2013,
Cinta tapi Beda,2012,Drama
Potong Bebek Angsa,2012,
Habibie & Ainun,2012,Drama
5 cm,2012,
Perempuan Di Rumah Angker,2012,Horor
Bidadari-bidadari Surga,2012,Drama
Pasukan Kapiten,2012,
Rumah dan Musim Hujan,2012,Drama
Hello Goodbye,2012,Drama
Ada Hantu di Vietnam,2012,Horor
Perahu Kertas 2,2012,Drama
Misteri Pasar Kaget,2012,Horor
Kutukan Arwah Santet,2012,Horor
Fallin' in Love,2012,Drama
"Rayya, Cahaya Di Atas Cahaya",2012,Drama
Mama Cake,2012,Komedi
Radio Galau FM,2012,
Petualangan Singa Pemberani,2012,
Test Pack: You Are My Baby,2012,
Rumah di Seribu Ombak,2012,
Perahu Kertas,2012,Drama
Brandal-Brandal Ciliwung,2012,Drama
Cinta Suci Zahrana,2012,Drama
Tanah Surga... katanya,2012,Drama
18++ Forever Love,2012,Drama
Jendral Kancil The Movie,2012,
Ambilkan Bulan,2012,
Cinta di Saku Celana,2012,
Perempuan Sasak Terakhir,2012,Drama
Mama Minta Pulsa,2012,
Bangkit Dari Kubur,2012,Horor
Di Timur Matahari,2012,Drama
Soegija,2012,Drama
Mr Bean Kesurupan Depe,2012,
Sule Ay Need You,2012,Komedi
Kakek Cangkul,2012,
Udin Cari Alamat Palsu,2012,Komedi
BrokenHearts,2012,Drama
Naga yang Berjalan di Atas Air,2012,
Hattrick,2012,
Lovely Man,2011,Drama
3 Pocong Idiot,2012,
Kuntilanak-Kuntilanak,2012,Horor
The Witness,2012,
Sinema Purnama,2012,Drama
Modus Anomali,2012,Mendebarkan atau Menegangkan
Nenek Gayung,2012,
Kungfu Pocong Perawan,2012,Komedi
Sanubari Jakarta,2012,Drama
Enak Sama Enak,2012,Komedi
Hi5teria,2012,
Love Is U,2012,
The Raid,2011,
Kebun Binatang,2012,Drama
Mata Tertutup,2011,Drama
Love is Brondong,2012,Komedi
Santet Kuntilanak,2012,Horor
Sampai Ujung Dunia,2012,Drama
Keumala,2012,Drama
Negeri 5 Menara,2012,Drama
Seandainya,2012,Drama
Dilema,2012,Drama
Rumah Hantu Pasar Malam,2012,Horor
republiktwitter,2012,Drama
Bila,2012,Drama
Malaikat Tanpa Sayap,2012,Drama
Penganten Pocong,2012,Komedi
Rumah Bekas Kuburan,2012,Horor
Parts of the Heart,2012,
Kita Versus Korupsi,2012,Drama
Kafan Sundel Bolong,2012,
My Last Love,2012,Drama
Xia Aimei,2012,Drama
Mother Keder: Emakku Ajaib Bener,2012,
Ummi Aminah,2012,Drama
Pulau Hantu 3,2012,
Pocong Kesetanan!,2011,
My Blackberry Girlfriend,2011,
Hafalan Shalat Delisa,2011,Drama
Say Hello To Yellow,2011,
Mocca: Life Keeps on Turning,2011,
Garuda di Dadaku 2,2011,
Bukan Pocong Biasa,2011,
Negeri di Bawah Kabut,2011,
Arwah Kuntilanak Duyung,2011,
X - The Last Moment,2011,Laga
Arisan! 2,2011,
Poconggg Juga Pocong,2011,Komedi
Langit Biru,2011,
"Ayah, Mengapa Aku Berbeda?",2011,Drama
The Mentalist,2011,
Sang Penari,2011,Drama
Pengejar Angin,2011,Drama
Sajadah Ka'bah,2011,
Kehormatan di Balik Kerudung,2011,Drama
The Perfect House,2011,
Semesta Mendukung,2011,Drama
Setannya Kok Masih Ada,2011,
Pocong Minta Kawin,2011,
Perempuan-perempuan Liar,2011,
Shelter,2011,
L4 Lupus,2011,Drama
Pacar Hantu Perawan,2011,
"Batik, Our Love Story",2011,
Badai di Ujung Negeri,2011,
Simfoni Luar Biasa,2011,Drama
Keranda Kuntilanak,2011,Horor
Euphoria,2011,Drama
Mati Muda di Pelukan Janda,2011,Komedi
Masih Bukan Cinta Biasa,2011,Drama
Tarung,2011,Laga
Mudik,2011,
Get Married 3,2011,
Lima Elang,2011,
Kejarlah Jodoh Kau Kutangkap,2011,Komedi
Di Bawah Lindungan Ka'bah,2011,Drama
Tendangan dari Langit,2011,Drama
Dongeng Rangkas,2011,
Kepergok Pocong,2011,
Tumbal Jailangkung,2011,Horor
Surat Kecil Untuk Tuhan,2011,Drama
True Love,2011,Drama
Catatan Harian Si Boy,2011,Drama
Milli & Nathan,2011,Drama
Ada Apa dengan Pocong?,2011,Horor
The Tarix Jabrix 3,2011,Komedi
Serdadu Kumbang,2011,
Hati Merdeka (Merah Putih III),2011,Perang
Kentut,2011,
Pelet Kuntilanak,2011,Horor
Pupus,2011,Drama
Pirate Brothers,2011,Laga
Batas,2011,Drama
"7 Hati, 7 Cinta, 7 Wanita",2011,Drama
Akibat Pergaulan Bebas 2,2011,Drama
Purple Love,2011,
The Mirror Never Lies,2011,Drama
Cowok Bikin Pusing,2011,Komedi
Pocong Mandi Goyang Pinggul,2011,
Si Anak Kampoeng,2011,Drama
Suster Keramas 2,2011,Horor
Kuntilanak Kesurupan,2011,
Tanda Tanya,2011,Drama
13 Cara Memanggil Setan,2011,Horor
Tebus,2011,Mendebarkan atau Menegangkan
Misteri Hantu Selular,2011,Horor
Skandal,2011,
Oh Tidak..!,2011,
Dedemit Gunung Kidul,2011,Horor
Virgin 3: Satu Malam Mengubah Segalanya,2011,Drama
Belkibolang,2010,Drama
Lost In Papua,2011,
Cewek Saweran,2011,Komedi
Rumah Tanpa Jendela,2011,
Pocong Ngesot,2011,
Cerita Langit di Balik Kaca,2011,
Jenglot Pantai Selatan,2011,Horor
Ci(N)ta,2011,
Rindu Purnama,2011,
Arwah Goyang Karawang,2011,Horor
Kalung Jelangkung,2011,Komedi
Love Story,2011,Drama
Cewek Gokil,2011,
Pelukan Janda Hantu Gerondong,2011,Horor
Anakluh,2011,Drama
Baik Baik Sayang,2011,Drama
Khalifah,2011,Drama
3 Pejantan Tanggung,2010,
Love in Perth,2010,Drama
Dalam Mihrab Cinta,2010,Drama
Kabayan Jadi Milyuner,2010,Komedi
Pocong Rumah Angker,2010,Horor
"Cin... Tetangga Gue, Kuntilanak!",2010,
Jakarta Maghrib,2010,
Susah Jaga Keperawanan di Jakarta,2010,Komedi
London Virginia,2010,Drama
Hantu Tanah Kusir,2010,Horor
Penganten Sunat,2010,Komedi
Pengakuan Seorang Pelacur,2010,Drama
Heart 2 Heart,2010,Drama
Hope,2010,
Gaby dan Lagunya,2010,Drama
Senggol Bacok,2010,Komedi
Aku Atau Dia,2010,
Mafia Insyaf,2010,
Rokkap (Rongkap),2010,Drama
Setan Facebook,2010,Horor
Metamorfoblus,2010,
Rintihan Kuntilanak Perawan,2010,Horor
Perjaka Terakhir 2,2010,
Satu Jam Saja,2010,Drama
Madame X,2010,
Sweetheart,2010,Drama
Laskar Pemimpi,2010,Komedi
Pocong Jumat Kliwon,2010,Horor
Pengantin Pantai Biru,2010,Horor
Sang Pencerah,2010,Drama
Dawai 2 Asmara,2010,
"Lihat Boleh, Pegang Jangan",2010,Komedi
Darah Garuda (Merah Putih II),2010,
Time,2010,Horor
Ampun DJ,2010,
D'Love,2010,Drama
Nakalnya Anak Muda,2010,Horor
Selimut Berdarah,2010,Mendebarkan atau Menegangkan
I Know What You Did On Facebook,2010,
Pengantin Topeng,2010,Mendebarkan atau Menegangkan
Bebek Belur,2010,Komedi
Istri Bo'ongan,2010,Komedi
Pocong Keliling,2010,
The Maling Kuburans,2009,
3 Hati Dua Dunia Satu Cinta,2010,Drama
Obama Anak Menteng,2010,Anak-anak atau keluarga
Laskar Cilik,2010,
Not for Sale,2010,Drama
Tanah Air Beta,2010,Drama
Red Cobex,2010,Komedi
Melodi,2010,
Minggu Pagi di Victoria Park,2010,Drama
Sehidup (Tak) Semati,2010,Komedi
Ratu Kostmopolitan,2010,
Roman Picisan,2010,
Rayuan Arwah Penasaran,2010,Horor
Demi Dewi,2010,
Menculik Miyabi,2010,Komedi
Akibat Pergaulan Bebas,2010,Drama
Taring,2010,Horor
Love and Eidelweiss,2010,Drama
Menebus Impian,2010,Drama
Alangkah Lucunya (Negeri Ini),2010,Drama
SKJ (Seleb Kota Jogja),2010,Komedi
Dilema Cinta 2 Hati,2010,Drama
Tiran (Mati di Ranjang),2010,Horor
"Sexy City, The",2010,Drama
"God Babe,The",2010,Komedi
Di Dasar Segalanya,2010,
Di Bawah Langit,2010,Drama
Te[Rekam],2010,Horor
Dendam Pocong Mupeng,2010,Horor
Affair (Permainan Cinta Yang Mematikan),2010,Horor
Belum Cukup Umur,2010,Drama
Bahwa Cinta Itu Ada,2010,Drama
Kain Kafan Perawan,2010,Horor
Arisan Brondong,2010,Komedi
Raped by Saitan (Diperkosa Setan),2010,Horor
Ngebut Kawin,2010,Komedi
Jinx,2010,Komedi
Pemburu Hantu The Movie,2010,Horor
18+ : True Love Never Dies,2010,Drama
Jejak Darah,2010,Horor
Rumah Dara,2010,
Melody Kota Rusa,2010,
Toilet 105,2010,Horor
Sssstt... Jadikan Aku Simpanan,2010,
Hari Untuk Amanda,2010,Drama
Bidadari Jakarta,2010,Drama
Suster Keramas,2009,
Bukan Malin Kundang,2009,Komedi
Sang Pemimpi,2009,Drama
Ai Lop Yu Pul,2009,
"Fugu, a Sushi Tale",2009,Drama
HeartBreak. com: Patah Hati Anda Bisnis Kita,2009,Drama
Air Terjun Pengantin,2009,Horor
XXL: Double Extra Large,2009,Komedi
Hantu Binal Jembatan Semanggi,2009,Horor
Emak Ingin Naik Haji,2009,Drama
Serigala Terakhir,2009,
Jeritan Kuntilanak,2009,Horor
Putih Abu-Abu dan Sepatu Kets,2009,Drama
Ruma Maida,2009,Drama
Kembang Perawan,2009,Komedi
Nazar,2009,Komedi
Perjaka Terakhir,2009,Komedi
The Police,2009,
Maling Kutang,2009,Komedi
Get Married 2,2009,
Ketika Cinta Bertasbih 2,2009,Drama
Meraih Mimpi,2009,
Preman In Love,2009,Komedi
Keramat,2009,
Kata Maaf Terakhir,2009,Drama
Pocong Jalan Blora,2009,Horor
Merah Putih,2009,
Identitas,2009,Drama
Merantau,2009,Laga
Di Atas Kanvas Cinta,2009,Drama
Darah Perawan Bulan Madu,2009,Horor
Mau Dong Ah,2009,Komedi
Paku Kuntilanak,2009,
Kutukan Suster Ngesot,2009,Horor
Selendang Rocker,2009,Drama
Krazy Crazy Krezy...,2009,Komedi
Punk In Love,2009,Komedi
Hantu Rumah Ampera,2009,Horor
The Tarix Jabrix 2,2009,Komedi
King,2009,
Dikejar Setan,2009,Horor
Garuda Di Dadaku,2009,
Ketika Cinta Bertasbih,2009,Drama
Susuk Pocong,2009,Horor
Queen Bee,2009,
Capres (Calo Presiden),2009,
cin(T)a,2009,Drama
Pocong Kamar Sebelah,2009,Horor
Virgin 2: Bukan Film Porno,2009,Drama
Benci Disko,2009,
Rasa,2009,Drama
Janda Kembang,2009,
Bukan Cinta Biasa,2009,
Mata Pena Mata Hati Raja Ali Haji,2009,Drama
Jamila Dan Sang Presiden,2009,Drama
Darah Janda Kolong Wewe,2009,Horor
Anak Setan,2009,Horor
Romeo Juliet,2009,Drama
Pocong Setan Jompo,2009,Horor
Mati Suri,2009,Horor
Wakil Rakyat,2009,
Kereta Setan Manggarai (Kisah Nyata Kereta Setan Manggarai),2009,Horor
Suka Ma Suka,2009,
Kuntilanak Kamar Mayat,2009,Horor
Pijat Atas Tekan Bawah,2009,Komedi
Jermal,2008,Drama
Terowongan Rumah Sakit,2009,Horor
Kambing Jantan,2009,
The Real Pocong,2009,Horor
Kirun + Adul,2009,Komedi
"Sumpah, (Ini) Pocong",2009,Horor
Generasi Biru,2009,Musikal atau Tari
Hantu Biang Kerok,2009,
Kalau Cinta Jangan Cengeng,2009,Drama
Kuntilanak Beranak,2009,Horor
Jagad X Code,2009,
Sepuluh,2009,Drama
Asmara Dua Diana,2009,Komedi
Glitch: Tersesat Dalam Waktu,2009,Laga
Pintu Terlarang,2009,Mendebarkan atau Menegangkan
Hantu Jamu Gendong,2009,Horor
Perempuan Berkalung Sorban,2009,Drama
Kawin Laris,2009,Komedi
Under the Tree,2008,Drama
Setan Budeg,2009,
Saus Kacang,2008,Drama
3 Doa 3 Cinta,2008,Drama
Anak Ajaib,2008,
MBA (Married by Accident),2008,
Tarzan ke Kota,2008,Komedi
Merem Melek,2008,
Takut: Faces of Fear,2008,Horor
Mas Suka Mas Ukin Aja,2008,Komedi
Kawin Kontrak Lagi,2008,
Pencarian Terakhir,2008,Mendebarkan atau Menegangkan
Si Jago Merah,2008,
Pocong vs Kuntilanak,2008,Horor
Cintaku Selamanya,2008,
Bukan Cowok Idola,2008,Drama
Mupeng (Muka Pengen),2008,
Kutunggu Jandamu,2008,Komedi
Cinta Setaman,2008,Drama
Doa Yang Mengancam,2008,Drama
Rien Pembunuh Berantai,2008,Mendebarkan atau Menegangkan
Babi Buta Yang Ingin Terbang,2008,Drama
Kantata Takwa,2008,
Cinlok,2008,Komedi
Chika,2008,Drama
Suami-Suami Takut Istri The Movie,2008,Komedi
Laskar Pelangi,2008,Drama
Barbi3,2008,Drama
Sarang Kuntilanak,2008,Horor
Tulalit,2008,Komedi
Asoy Geboy,2008,Komedi
Hantu Aborsi,2008,Horor
Kita Punya Bendera,2008,
Syahadat Cinta,2008,Drama
Basahhh...,2008,Komedi
Gara-gara Bola,2008,Komedi
Oh Baby,2008,
Sebelah Mata,2008,Drama
Oh My God,2008,
Kick 'n Love,2008,Drama
Setannya Kok Beneran?,2008,Komedi
Karma,2008,Horor
Liar,2008,Drama
Puber,2008,Drama
Anda Puas Saya Loyo,2008,Komedi
Kado Hari Jadi,2008,Mendebarkan atau Menegangkan
Liburan Seruuu...!!,2008,
Tri Mas Getir,2008,Komedi
Best Friend?,2008,Drama
Tiren: Mati Kemaren,2008,Horor
Ikhsan: Mama I Love You,2008,Drama
Hantu Perawan Jeruk Purut,2008,Horor
Fiksi,2008,Mendebarkan atau Menegangkan
Sumpah Pocong di Sekolah,2008,Horor
Pulau Hantu 2,2008,
Mengaku Rasul: Sesat,2008,Drama
May,2008,Drama
Coblos Cinta,2008,
The Shaman,2008,Horor
Tapi Bukan Aku,2008,Drama
Lost in Love,2008,Drama
Summer Breeze,2008,Drama
9808 Antologi 10 Tahun Reformasi Indonesia,2008,
Naga Bonar,1986,Drama
"Ada Kamu, Aku Ada",2008,Drama
Kereta Hantu Manggarai,2008,Horor
Namaku Dick,2008,Komedi
The Tarix Jabrix,2008,Komedi
Kun Fayakuun,2008,Drama
Tali Pocong Perawan,2008,Horor
In The Name Of Love,2008,Drama
Kekasih,2008,Drama
Planet Mars,2008,
Kesurupan,2008,Horor
Skandal Cinta Babi Ngepet,2008,
D.O. (Drop Out),2008,Komedi
From Bandung With Love,2008,Drama
40 Hari Bangkitnya Pocong,2008,Horor
Kuntilanak 3,2008,
Ayat-ayat Cinta,2008,Drama
Lari dari Blora,2007,Drama
Musik Hati,2008,Drama
Hantu Ambulance,2008,
Claudia/Jasmine,2008,
Love,2008,Drama
XL: Extra Large,2008,Komedi
Rahasia Bintang,2008,Drama
Hantu Jembatan Ancol,2008,
Radit dan Jani,2008,Drama
Otomatis Romantis,2008,Komedi
Perempuan Punya Cerita,2007,Drama
Kawin Kontrak,2008,
"Mereka Bilang, Saya Monyet!",2007,Drama
Susahnya Jadi Perawan,2008,Komedi
Cintaku Forever,2007,Drama
Beranak dalam Kubur,2007,Horor
Miracle,2007,Horor
The Butterfly,2007,Drama
Film Horor,2007,Komedi
Medley,2007,Drama
Quickie Express,2007,Komedi
Enam,2007,Horor
Tentang Cinta,2007,Drama
Pulau Hantu,2007,Horor
Suster N (Dendam Suster Ngesot),2007,Horor
Legenda Sundel Bolong,2007,Horor
Get Married,2007,
Pocong 3,2007,Horor
Kuntilanak 2,2007,Horor
Jelangkung 3,2007,Horor
Lawang Sewu (Dendam Kuntilanak),2007,Horor
The Wall,2007,Horor
Genderuwo,2007,Horor
Opera Jawa,2006,Musikal atau Tari
Cintapuccino,2007,Drama
Kangen,2007,Drama
Merah itu Cinta,2007,Drama
Hantu,2007,Horor
Sang Dewi,2007,Drama
Bukan Bintang Biasa The Movie,2007,Drama
Selamanya,2007,
Kamulah Satu-satunya,2007,Drama
The Photograph,2007,Drama
Anak-anak Borobudur,2007,Drama
"Maaf, Saya Menghamili Istri Anda",2007,
Coklat Stroberi,2007,Drama
3 Hari untuk Selamanya,2006,Drama
Lantai 13,2007,Horor
Malam Jumat Kliwon,2007,Horor
Mengejar Mas Mas,2007,
Love is Cinta,2007,Drama
Suster Ngesot The Movie,2007,Horor
Angkerbatu,2007,Horor
Kala,2007,Mendebarkan atau Menegangkan
Nagabonar Jadi 2,2007,
Jakarta Undercover,2007,Mendebarkan atau Menegangkan
Lewat Tengah Malam,2007,Horor
Leak,2007,Horor
Burung-Burung Kertas,2007,Drama
Terowongan Casablanca,2007,Horor
Badai Pasti Berlalu,2007,Drama
D'Bijis,2007,
Long Road to Heaven (Makna di Balik Tragedi),2006,Drama
Roh (The Evil Spirit),2006,Horor
Pocong 2,2006,Horor
Pesan dari Surga,2006,Drama
Cinta Pertama,2006,Drama
KM 14,2006,Mendebarkan atau Menegangkan
6:30,2006,
Kuntilanak,2006,Horor
Bangku Kosong,2006,Horor
Koper,2006,Drama
Mendadak Dangdut,2006,Drama
Lentera Merah (Kebenaran Harus Terungkap),2006,Horor
Heart,2006,Drama
Maskot,2006,Komedi
Berbagi Suami,2006,Drama
Jomblo,2006,
Realita Cinta dan Rock'n Roll,2005,
Realita Cinta dan Rock'n Roll,2005,
Realita Cinta dan Rock'n Roll,2005,
Realita Cinta dan Rock'n Roll,2005,
Garasi,2005,
Belahan Jiwa,2005,Drama
Apa Artinya Cinta,2005,Drama
Mirror,2005,Horor
Missing,2005,Horor
Untuk Rena,2005,Anak-anak atau keluarga
Detik Terakhir,2005,Drama
Dealova,2005,Drama
Issue,2004,Drama
Vina Bilang Cinta,2005,Drama
Gie,2004,Drama
Cinta Silver,2004,Drama
Inikah Rasanya Cinta?,2005,
Ungu Violet,2005,Drama
12:00 AM,2005,Horor
Janji Joni,2005,Komedi
Catatan Akhir Sekolah,2004,
Me vs High Heels - Aku vs Sepatu Hak Tinggi,2005,
Banyu Biru,2004,Drama
Tentang Dia,2004,Drama
17th - Seventeen,2004,
Virgin (Ketika Keperawanan Dipertanyakan),2004,Drama
Rindu Kami Padamu,2004,Drama
Ada Hantu di Sekolah,2004,Horor
Petualangan 100 Jam,2004,Anak-anak atau keluarga
Mengejar Matahari,2004,Drama
Kanibal - Sumanto,2004,Drama
Satu Kecupan,2005,
30 Hari Mencari Cinta,2003,Komedi
The Soul,2003,Horor
Arisan!,2003,Drama
Eiffel I'm in Love,2003,
Tusuk Jelangkung,2002,Horor
Biola Tak Berdawai,2002,Drama
"Eliana, Eliana",2002,Drama
Rumah Ketujuh,2002,Drama
Aku Ingin Menciummu Sekali Saja,2002,Drama
Peti Mati (The Coffin),2002,Horor
Andai Ia Tahu,2002,Drama
Titik Hitam,2002,
Kafir (Satanic),2002,
5 Sehat 4 Sempurna (9 Sahabat 1 Taruhan),2002,Komedi
Tragedi Jakarta 1998: Gerakan Mahasiswa di Indonesia,2002,
Bendera,2002,Anak-anak atau keluarga
Marsinah (Cry Justice),2000,Drama
Ada Apa dengan Cinta?,2001,
Ca Bau Kan,2001,Drama
Jelangkung,2001,Horor
Sedap Malam,1950,Drama
